[
  {
    "title": "Review Game Terbaru 2024",
    "content": "Ini adalah review mendalam tentang game terbaru yang akan rilis di tahun 2024.",
    "date": "2024-06-17"
  },
  {
    "title": "Teknologi AI Masa Depan",
    "content": "Artikel ini membahas perkembangan terbaru teknologi AI dan dampaknya terhadap industri.",
    "date": "2024-06-16"
  },
  {
    "title": "Tips dan Trik Bermain Game FPS",
    "content": "Panduan lengkap untuk meningkatkan skill bermain game FPS favorit Anda.",
    "date": "2024-06-15"
  }
  {
  "title": "Judul Baru",
  "content": "Isi konten postingan baru.",
  "date": "2024-06-17"
}
]